Cohort,Dev_0,Dev_1,Dev_2,Dev_3,Dev_4,Dev_5,Dev_6,Dev_7,Dev_8,Dev_9,Dev_10,Dev_11,Dev_12,Dev_13,Dev_14,Dev_15,Dev_16,Dev_17,Dev_18,Dev_19,Dev_20,Dev_21,Dev_22,Dev_23,Dev_24,Dev_25,Dev_26,Dev_27,Dev_28,Dev_29,Dev_30,Dev_31,Dev_32,Dev_33,Dev_34,Dev_35,Dev_36,Dev_37,Dev_38,Dev_39,Dev_40,Dev_41,Dev_42,Dev_43,Dev_44,Dev_45,Dev_46,Dev_47,Dev_48,Dev_49,Dev_50,Dev_51,Dev_52,Dev_53,Dev_54,Dev_55,Dev_56,Dev_57,Dev_58,Dev_59,Dev_60,Dev_61,Dev_62,Dev_63,Dev_64
2010 Q1,3695693.7,7309354.12,10343811.63,13655407.96,16606818.67,19268702.64,22131623.64,24939360.2,27463850.95,29973757.1,32251339.67,34390507.51,36458752.39,38647300.69,40749901.13,42603119.76,44357599.83,46175010.01,47865102.15,49398857.36,50985724.79,52507556.06,53848457.27,55220958.31,56464651.29,57783758.27,59051616.12,60175310.43,61356282.0,62452148.5,63495800.3,64528327.25,65440716.68,66404230.44,67341309.52,68171795.95,68994036.14,69799750.25,70595801.89,71345220.89,72003962.3,72681301.09,73291372.03,73959807.08,74569877.99,75145987.66,75699894.52,76239341.57,76737946.86,77192585.75,77638376.79,78105372.01,78557881.47,79005335.49,79411952.45,79818327.32,80177968.93,80560409.91,80900324.62,81243465.14,81561495.33,81874015.95,82178269.13,82447833.03,82703036.44
2010 Q2,3396018.14,6761396.66,9854588.28,12772905.53,15796109.0,18762382.3,21351544.42,23914229.24,26642824.35,28900541.8,31100172.88,33524048.29,35796753.89,37718314.17,39813871.17,41768581.74,43589488.42,45406948.68,47042924.95,48763798.15,50361263.54,51827362.96,53202319.04,54512187.13,55783386.16,57109066.85,58347870.1,59450361.69,60547272.41,61566015.6,62553660.38,63636065.92,64672572.64,65649998.67,66496343.03,67409412.5,68257735.61,69052170.66,69801929.14,70523696.59,71281582.4,71942302.83,72610977.64,73251459.62,73825322.76,74370172.48,74946487.72,75449901.01,75971059.94,76499595.48,76942870.63,77403003.65,77842131.98,78261991.79,78641321.17,79039189.68,79422255.02,79795533.23,80129498.79,80483262.97,80812661.28,81131615.89,81447746.58,81712339.13,
2010 Q3,3250697.74,6441533.26,9328644.2,12254399.16,15107571.85,17529310.85,20072108.69,22278102.32,24671847.9,26929272.28,28893484.36,30841472.75,32888850.15,34825067.4,36542169.68,38342570.07,39915252.91,41455835.66,43019791.67,44387977.48,45732195.07,47199645.72,48537570.18,49885353.75,51132668.27,52228633.21,53339774.15,54373712.62,55421972.05,56397112.93,57320061.71,58229781.69,59116699.86,59980534.04,60797107.23,61558186.18,62352336.55,63073252.8,63800930.91,64418849.52,65033805.78,65627910.02,66247035.42,66780966.76,67312323.87,67856841.27,68374657.66,68818631.9,69256528.63,69735975.95,70196705.12,70600112.29,70990301.71,71349862.49,71698349.22,72052959.95,72375235.28,72705821.58,72994108.92,73284461.9,73583140.06,73876310.75,74133921.01,,
2010 Q4,3317585.12,6228526.91,9295693.68,12097408.0,14833599.09,17428821.28,20033042.51,22489525.08,24831769.0,27054986.12,29068994.89,31022704.99,33032467.38,34871018.76,36730907.26,38520156.28,40038508.19,41515553.43,43095611.16,44620032.09,46044664.56,47390393.65,48659977.27,49847318.95,51105406.56,52230617.95,53274890.45,54367782.74,55349426.6,56336023.53,57286983.95,58186502.6,58991295.61,59815855.65,60603882.77,61375793.6,62081390.68,62792672.59,63489548.26,64124494.87,64730602.22,65361260.52,65986746.59,66579496.53,67119865.09,67671384.72,68128614.39,68568313.4,69020975.63,69427561.56,69818849.34,70210422.52,70567967.23,70911466.88,71260541.34,71623942.66,71941379.1,72245644.44,72529192.89,72806410.03,73107441.62,73358176.85,,,
2011 Q1,3329255.53,6660743.94,9822614.88,12928435.96,15941944.11,18550857.91,21015324.61,23328292.76,25528042.95,27893977.09,30231178.01,32224347.9,34257498.77,36057735.7,37820477.15,39632050.91,41238115.2,42944305.77,44566238.88,46040577.01,47490728.0,48922730.33,50266420.97,51636266.07,52811264.65,54053875.98,55154195.42,56342284.66,57453105.05,58484734.98,59517974.76,60529089.37,61383158.86,62192977.69,63064868.55,63850753.25,64617020.93,65360235.55,66065863.29,66775872.68,67411292.62,68086726.63,68667633.54,69232690.16,69838819.78,70347521.64,70890826.97,71430437.78,71878623.51,72344818.49,72797271.78,73207164.84,73622697.97,74008514.19,74403492.01,74745064.76,75081287.63,75412331.28,75745704.18,76047614.85,76333184.58,,,,
2011 Q2,3847038.72,7554382.52,10883540.51,14532661.14,17648778.41,20598104.42,23667972.38,26582100.39,29509623.21,32037400.18,34423778.04,36942936.7,39207311.62,41538738.01,43653190.74,45633577.5,47621721.95,49635537.53,51532601.1,53281513.2,55100655.12,56860783.79,58459970.91,60098239.59,61544328.96,62957604.76,64345433.85,65635693.59,66920910.4,68031101.29,69237963.98,70377912.85,71382852.91,72474916.31,73491244.33,74400172.35,75378314.84,76184962.48,77038781.95,77890562.4,78663816.46,79377506.55,80131748.42,80847771.05,81503170.62,82115914.53,82716394.67,83335531.01,83883198.35,84392289.93,84902330.65,85373529.21,85885981.59,86319776.38,86789428.18,87237106.4,87648912.26,88050880.61,88428870.39,88818709.84,,,,,
2011 Q3,3373533.2,6695465.88,9639565.59,12547292.16,15514597.34,18217080.7,20593226.87,22889828.02,25147171.23,27556092.79,29613388.73,31645734.23,33758574.09,35622716.22,37383675.73,39091856.66,40958809.14,42608411.4,44328043.46,45794824.79,47325393.36,48817223.64,50080810.66,51338964.35,52661709.84,53825163.47,54997471.3,56023376.49,57119640.57,58143882.42,59063021.41,59966793.75,60821059.79,61652631.82,62471046.52,63262159.91,64003338.7,64702833.18,65434611.03,66152564.13,66868073.9,67486979.07,68128829.26,68716583.5,69270635.94,69781023.65,70269332.41,70758964.69,71250535.85,71704951.75,72154092.99,72584698.68,72986882.92,73395019.71,73777433.88,74160225.93,74519181.75,74849208.75,75146272.85,,,,,,
2011 Q4,3524668.45,6766305.47,9813170.88,12853394.15,15871464.6,18855858.38,21391121.53,23903631.14,26359916.59,28767396.92,31011495.18,33314460.81,35539424.83,37544624.19,39534652.64,41259501.74,42966586.31,44642433.29,46268647.37,47748783.37,49305879.21,50661710.27,52172144.5,53481245.71,54870806.65,56030947.24,57236743.93,58369884.43,59559813.06,60586914.03,61668770.76,62725265.14,63612208.89,64524777.06,65424040.59,66245411.55,66996433.36,67762034.88,68448836.11,69215990.07,69948728.21,70559334.22,71160768.68,71771871.34,72383607.02,72984658.74,73499822.95,74007408.43,74479533.49,74970614.26,75446042.96,75865139.91,76290293.57,76729741.92,77116087.08,77475627.58,77864607.36,78210251.5,,,,,,,
2012 Q1,3706557.24,7384731.37,10941271.79,14227049.97,17543237.38,20733634.58,23743067.64,26473877.47,29046132.96,31674478.16,34271656.12,36678224.1,38927292.54,41229666.58,43468213.36,45509023.53,47442154.23,49308983.82,51079773.81,52816194.81,54429853.93,56048082.2,57727505.55,59319506.81,60659006.68,62037171.49,63373564.56,64590937.52,65911234.66,67051782.16,68200363.71,69295349.95,70287047.73,71273146.84,72188096.62,73077939.66,73991596.26,74814594.87,75625497.51,76448203.46,77245837.67,77981477.45,78647664.97,79274951.49,79906800.78,80517693.5,81126757.51,81690846.86,82218220.08,82712400.23,83194314.84,83704972.83,84155881.31,84579676.32,84993056.95,85377626.72,85794877.91,,,,,,,,
2012 Q2,3779286.37,7457849.97,10888577.26,14521274.9,17903287.19,21267548.55,24245750.73,27271696.57,30330729.2,33166077.79,35939945.71,38654980.56,41154158.98,43350710.04,45529837.32,47864991.16,50038645.58,52091288.22,53928555.32,55775225.01,57654452.48,59481842.9,61057280.78,62729197.6,64309791.97,65653485.07,67080443.3,68417220.16,69644935.49,70853850.23,72133956.45,73246741.82,74273325.9,75411629.96,76478920.52,77473750.78,78413277.57,79290626.15,80195868.43,80992516.03,81814052.29,82613061.17,83371770.73,84087137.78,84780222.91,85395259.28,86041155.0,86635334.36,87209174.98,87795138.67,88327563.57,88876550.84,89378264.89,89853756.58,90308986.72,90743359.61,,,,,,,,,
2012 Q3,3104629.22,5894615.47,8996581.08,11703056.09,14488886.12,17058809.91,19724945.8,22002478.91,24461697.51,26700280.92,28704593.39,30662446.73,32755420.65,34552574.21,36362924.04,38060269.85,39670500.26,41349855.28,42941072.83,44365856.85,45725447.78,47098222.89,48328362.83,49567799.39,50845207.11,52074531.84,53131200.65,54214082.41,55205484.05,56146069.83,57123438.54,58052688.76,58968752.86,59803888.01,60550532.71,61313893.77,62108215.51,62767607.26,63400505.82,64102918.1,64693859.7,65313903.05,65866470.45,66449188.36,66990053.3,67528247.3,68004378.3,68501272.28,68952475.43,69402996.88,69840900.74,70222157.75,70587388.95,70951192.0,71314337.78,,,,,,,,,,
2012 Q4,3761901.15,7392156.35,10824260.49,14345728.17,17640890.48,20856246.71,23763944.93,26741958.33,29666708.18,32469927.75,34984894.33,37369023.52,39763854.6,42310460.24,44579827.83,46721970.85,48819421.11,50843495.92,52679299.24,54483575.65,56262590.57,58123426.45,59881610.34,61569818.37,63221555.76,64585468.31,66043006.29,67352671.56,68705831.64,70033249.61,71317787.85,72476704.74,73635205.04,74780795.52,75844707.95,76779807.57,77680529.09,78655388.13,79477087.69,80256401.45,81049933.36,81806043.59,82517468.95,83284418.74,83953556.23,84652608.46,85316367.41,85969988.98,86583018.01,87105531.35,87656875.01,88159374.59,88655974.92,89131324.03,,,,,,,,,,,
2013 Q1,3796140.19,7401163.32,10919350.52,14561047.94,18039093.67,21052146.78,24279249.49,27432389.25,30367301.85,33228471.55,35744106.92,38434033.19,40781266.34,43080796.51,45488921.65,47625270.85,49556537.32,51475584.32,53350225.56,55103791.4,56728384.46,58455566.86,60139133.19,61650063.98,63096179.9,64475868.96,65803081.6,67095961.77,68344971.24,69573027.77,70665781.39,71883419.14,72979559.0,74023653.27,75046248.71,76061632.41,76994840.09,77904566.25,78736359.38,79503323.61,80253608.35,81036069.49,81740232.37,82388158.42,83108003.09,83751837.93,84373965.86,85007573.67,85569322.32,86100492.03,86628485.29,87100909.31,87570083.85,,,,,,,,,,,,
2013 Q2,3474232.06,6987880.39,10293433.73,13409198.89,16166533.51,19113767.61,21994334.68,24434471.06,26977581.33,29397940.48,31597125.03,33827369.45,36041583.51,38063641.13,39993808.57,41859934.93,43722399.87,45581008.85,47139642.72,48891636.96,50346239.21,51812783.6,53367599.11,54669252.82,56062165.0,57403222.28,58591782.57,59806342.33,60947069.5,61990645.21,63109660.56,64158064.38,65159234.25,66107173.98,67030321.22,67914381.24,68759438.58,69613552.41,70378447.95,71056053.86,71767278.0,72456693.39,73108294.35,73708024.06,74323068.57,74871962.71,75432161.32,75957903.99,76469024.13,76930594.29,77434354.64,77857743.79,,,,,,,,,,,,,
2013 Q3,3890085.22,7716840.87,11373931.87,14692257.53,17853327.51,21110093.66,23820189.96,26638979.75,29298681.36,31776628.55,34155013.06,36415864.3,38758130.8,41109947.39,43273870.35,45372235.65,47355488.29,49088579.6,50876408.03,52619276.12,54199211.48,55812121.74,57461933.04,58828222.1,60142291.72,61561149.78,62850792.49,64142069.2,65363845.48,66535411.52,67717142.59,68709439.96,69690659.66,70655564.83,71592998.43,72530302.22,73467529.68,74371952.16,75205191.54,75926441.41,76643498.66,77407764.02,78129476.42,78761721.02,79441147.12,80027810.22,80609775.94,81156789.08,81700457.81,82224850.26,82703638.12,,,,,,,,,,,,,,
2013 Q4,4033911.46,8097619.48,11874206.29,15364452.89,18735620.91,22033398.21,25339950.84,28230182.26,31307740.65,34074228.55,36702900.78,39270537.54,41834053.08,44338003.85,46536722.39,48784369.35,51037121.51,53213916.61,55253425.36,57228198.07,58987160.25,60699328.69,62265524.67,63789846.02,65404169.66,66985768.92,68397466.5,69731729.87,71091580.64,72419743.3,73630925.42,74777081.83,75922036.31,77045559.3,78045825.75,78979520.42,79882442.54,80728979.74,81652368.3,82493367.56,83246720.12,84074986.09,84858450.58,85606443.18,86320122.5,86980511.53,87574783.38,88168571.45,88770441.56,89321631.82,,,,,,,,,,,,,,,
2014 Q1,4350133.44,8217138.5,12325122.71,16036691.84,19452644.54,22646635.46,25989155.88,29133414.04,32094971.89,35052914.73,38028200.57,40563719.33,43000619.01,45578948.0,47989663.16,50087196.77,52238992.84,54356390.02,56448439.99,58354777.73,60283176.83,62043051.65,63729201.37,65267720.5,66823226.46,68226955.17,69571922.55,70908165.91,72259198.83,73467232.2,74718237.79,75995182.9,77076326.45,78196771.97,79334928.79,80338299.27,81260007.9,82220565.79,83182991.53,84000467.72,84826772.85,85671609.0,86501139.47,87259736.83,87989707.35,88692503.16,89353692.45,89979764.59,90559325.8,,,,,,,,,,,,,,,,
2014 Q2,3484718.41,6920910.38,10521776.99,13601636.66,16655273.81,19546547.02,22658769.76,25331846.72,27911361.43,30465998.84,33102589.51,35530880.58,37944542.77,39992079.67,42007014.89,43916784.79,45957049.93,47840099.22,49548170.49,51359744.51,53078183.46,54689668.54,56277248.08,57805214.27,59261290.99,60577365.01,61928441.41,63140929.97,64410673.6,65617751.53,66678227.19,67763174.64,68808487.25,69833130.6,70849433.84,71817649.28,72633357.63,73486381.35,74246344.01,75031702.31,75820147.93,76523644.68,77203809.8,77896029.8,78570329.7,79189187.74,79737503.41,80322450.17,,,,,,,,,,,,,,,,,
2014 Q3,4039067.02,7879711.35,11120941.59,14347998.58,17416385.07,20585375.28,23632719.01,26402824.47,29220284.66,31717286.62,34162393.86,36534412.13,38761614.08,41080038.9,43380969.83,45531938.76,47386342.91,49243673.96,50957522.89,52794341.33,54409114.06,56005036.46,57532827.79,59141734.14,60698764.36,62113739.98,63384985.87,64770518.68,66101327.56,67357631.06,68499046.39,69592950.87,70574759.58,71528223.84,72426201.84,73381718.61,74220305.76,75118024.71,75965692.76,76697937.35,77412687.53,78181096.72,78914551.03,79568566.27,80252295.29,80841853.28,81413664.7,,,,,,,,,,,,,,,,,,
2014 Q4,3647395.01,6936110.51,10215472.61,13473470.78,16381517.55,19502860.91,22579376.7,25323120.49,27795532.73,30147267.71,32418023.91,34658316.99,37071254.83,39266156.0,41411341.14,43417881.44,45386024.04,47108843.51,48915425.47,50598077.97,52252834.35,53939990.39,55443435.01,56850815.07,58292022.0,59528333.63,60902891.93,62160962.23,63392641.5,64498275.54,65630039.69,66740865.02,67753062.82,68689586.94,69603086.89,70554871.68,71394478.35,72169820.29,73002829.14,73753921.52,74433976.93,75123214.84,75820306.69,76455500.79,77062633.68,77677961.99,,,,,,,,,,,,,,,,,,,
2015 Q1,4190878.33,7954794.67,11589041.7,15312270.39,18530719.96,22008343.97,24947209.7,27718119.39,30401775.47,33233931.57,35902069.57,38583717.19,41039868.63,43259389.85,45451876.31,47728069.27,49939762.45,51917464.23,53719948.45,55669926.1,57589912.48,59318840.89,60833953.72,62335367.42,63945808.09,65464527.48,66909194.63,68155698.37,69540155.99,70841344.6,71941471.69,73142835.64,74211947.44,75262319.18,76288693.16,77330582.31,78261430.3,79173231.56,80065018.63,80898103.24,81744329.28,82552499.78,83278805.62,83996909.06,84702974.54,,,,,,,,,,,,,,,,,,,,
2015 Q2,4049125.59,8397610.44,12431381.22,16180673.65,19968918.21,23409390.33,26528737.0,29472565.7,32357378.04,35159029.6,37884725.2,40755454.16,43341154.42,45683098.28,48101557.41,50329070.78,52693575.92,54892280.21,56832588.87,58909263.73,60737315.36,62493768.64,64203629.85,65942350.06,67624915.83,69271930.09,70752054.02,72247061.26,73526288.49,74920162.26,76172154.95,77387281.59,78461903.84,79529371.59,80577146.52,81629396.56,82569914.05,83544207.43,84511693.38,85448251.79,86253780.44,87081027.74,87808605.63,88596991.4,,,,,,,,,,,,,,,,,,,,,
2015 Q3,3461676.8,6885034.52,10448684.74,13587708.94,16491004.57,19661381.19,22720714.62,25365252.85,27858641.5,30348539.52,32735293.56,35019502.24,37117028.53,39261622.55,41211636.49,43252068.46,45207916.44,47131958.5,48780239.33,50592246.65,52280965.16,53814446.71,55385417.38,56954858.03,58427002.72,59863409.68,61156836.27,62460004.3,63603289.16,64827606.53,65941088.99,66956122.23,67961594.58,68992440.16,69961955.8,70834768.01,71701306.06,72527626.85,73297727.26,74124781.77,74832200.29,75541777.42,76236387.54,,,,,,,,,,,,,,,,,,,,,,
2015 Q4,4402048.59,8169807.78,11794002.27,15360361.21,19207750.25,22759905.57,25815592.45,29071733.65,32084009.52,34880225.23,37482690.65,40247205.69,42877580.15,45202341.03,47576697.81,50010509.85,52241532.36,54387338.0,56576938.46,58581662.22,60407825.73,62089658.91,63884891.66,65589774.26,67259802.35,68753205.05,70207893.71,71571987.92,72989367.58,74208156.54,75565810.41,76735516.0,77880541.45,78935599.89,79928919.82,80952423.55,81982711.3,82869433.84,83852302.19,84759076.64,85665792.88,86468492.28,,,,,,,,,,,,,,,,,,,,,,,
2016 Q1,3913755.32,7652857.36,11177354.73,14524674.25,17700123.72,20824997.13,23671372.91,26729256.34,29497144.73,32314425.01,34858758.39,37207024.26,39551061.76,41690706.42,43743737.99,45687424.54,47661774.58,49647634.62,51636541.22,53379280.32,55135099.07,56663854.83,58218610.49,59643028.77,60995663.97,62309321.97,63560314.31,64792499.15,65973580.97,67255875.35,68320684.55,69332064.38,70358666.65,71347842.17,72326442.04,73208967.4,74072880.09,74872445.28,75668189.78,76492700.06,77235132.38,,,,,,,,,,,,,,,,,,,,,,,,
2016 Q2,4523515.45,8766618.28,12866307.51,16659594.42,20609631.74,24008454.6,27343097.78,30603991.14,33891870.15,37129154.5,40298713.27,43350079.13,46115640.87,48644933.32,51034636.1,53423022.54,55712901.32,57823526.37,59891893.76,61966887.51,63984886.67,65766605.89,67503479.48,69285990.81,71083446.07,72720775.08,74178160.18,75774787.45,77288652.22,78729915.78,80135344.0,81503190.99,82706439.34,83887667.56,85093157.92,86167680.77,87132041.79,88169207.21,89137889.08,90060501.67,,,,,,,,,,,,,,,,,,,,,,,,,
2016 Q3,4081848.61,8017860.9,11535714.49,15176685.01,18578594.92,22041442.81,25246337.49,28604691.41,31510737.03,34449112.78,37399660.35,40149500.05,42835517.97,45126052.62,47574113.69,49764909.76,52080933.31,54078223.87,56129118.54,57968209.16,59738883.89,61510685.56,63140566.86,64915063.46,66376178.6,67829763.17,69216534.85,70728729.97,72137737.78,73410830.18,74688041.03,75880874.59,76987740.55,78039255.73,79041734.65,80118587.51,81093453.39,82104541.58,83055391.57,,,,,,,,,,,,,,,,,,,,,,,,,,
2016 Q4,4291721.61,8216922.68,11826603.59,15670051.59,18888041.85,22045589.0,25481796.97,28632048.83,31406424.12,34222132.17,36984626.68,39715186.94,42053902.97,44430398.71,46779688.45,49144631.83,51456624.84,53499252.05,55532532.2,57465357.36,59407597.55,61301902.71,63094869.16,64604415.62,66080509.11,67524511.48,69035170.3,70501360.31,71872315.58,73196835.26,74428842.05,75623111.91,76807548.26,77918219.9,78934034.8,79890872.56,80896902.29,81759357.29,,,,,,,,,,,,,,,,,,,,,,,,,,,
2017 Q1,4039349.18,7515394.28,10881598.66,14361667.87,17458270.95,20733444.3,23514403.4,26453131.07,29400985.88,31881523.0,34348892.54,36623598.45,38919443.2,41097390.66,43175347.33,45119057.23,47245531.98,49206670.76,51010090.68,52748041.8,54361389.29,56011927.32,57687436.94,59252856.14,60636890.82,62118935.61,63435154.44,64663167.93,66011090.97,67169145.41,68321848.49,69383635.98,70441503.67,71422255.14,72448587.98,73398078.31,74377485.72,,,,,,,,,,,,,,,,,,,,,,,,,,,,
2017 Q2,3961859.22,7478759.13,11116385.82,14583950.03,17866748.33,21309680.63,24329563.29,27453005.83,30292995.19,33163085.29,35898539.47,38563194.74,41009847.32,43430254.02,45646982.46,47993931.31,50009706.72,52091365.1,54078295.34,55858857.44,57704666.3,59550975.09,61278405.35,62923309.37,64460191.22,65840376.64,67172699.86,68517120.94,69871219.55,71148635.06,72421967.22,73521009.04,74571182.58,75619483.7,76620616.55,77674688.53,,,,,,,,,,,,,,,,,,,,,,,,,,,,,
2017 Q3,3923908.26,8102271.79,11875762.61,15308271.34,18816949.88,22256098.22,25552254.48,28506622.33,31465492.51,34400692.53,37238977.86,39758863.05,42114149.93,44720861.45,47054590.32,49175038.42,51470238.15,53576909.24,55710475.89,57656702.64,59456033.28,61132914.76,62777788.63,64313651.88,65981451.94,67556145.31,68973298.03,70448471.34,71734505.2,73002141.83,74235628.15,75515697.92,76635171.75,77660315.02,78689132.06,,,,,,,,,,,,,,,,,,,,,,,,,,,,,,
2017 Q4,4451644.45,8744608.29,12775843.39,16752546.79,20688519.92,24242691.36,27620488.93,31080315.29,34089899.79,37027906.13,39777940.26,42667745.07,45260892.18,47872128.8,50353839.37,52938191.08,55417437.58,57567594.72,59613498.59,61639489.33,63462142.55,65236408.21,67007367.99,68786595.16,70424171.8,72092333.92,73592881.37,75012388.64,76528267.9,77844663.26,79238079.78,80531979.38,81760018.58,83019557.31,,,,,,,,,,,,,,,,,,,,,,,,,,,,,,,
2018 Q1,3974561.78,7631848.7,11225422.47,14679606.94,18095062.98,21452398.22,24346855.42,27167125.67,29931373.75,32598928.85,35092066.07,37729468.81,40011431.56,42408071.0,44665682.13,46928323.3,48941723.99,50985637.49,52968028.09,54830888.99,56573317.96,58304525.47,60036779.53,61659612.08,63105105.26,64504075.36,65837508.12,67241284.36,68463747.25,69715974.74,70940097.07,72076566.13,73143593.39,,,,,,,,,,,,,,,,,,,,,,,,,,,,,,,,
2018 Q2,4451978.61,8637589.98,12702855.67,16849375.56,20779785.21,24556815.48,28238824.75,31849669.38,35384804.39,38585296.06,41706794.41,44494868.99,47173073.18,49799655.08,52239897.97,54614844.9,56928154.38,59263716.31,61594321.34,63695694.35,65860497.51,67752131.07,69576209.38,71497771.12,73326145.86,75013825.65,76603554.49,78068833.51,79464506.73,80943113.4,82282916.25,83528660.95,,,,,,,,,,,,,,,,,,,,,,,,,,,,,,,,,
2018 Q3,4038031.79,8186941.15,11999867.35,15551519.46,18738057.1,21810723.7,24840195.92,28086737.07,30860994.38,33569403.1,36425442.45,38917170.09,41269033.4,43693807.44,45840885.62,47991388.84,50129572.33,52106272.53,54026706.49,56065831.0,57782136.8,59438119.34,60996168.99,62682091.12,64179575.3,65631013.15,67074043.1,68520365.15,69797300.12,71131925.29,72309422.32,,,,,,,,,,,,,,,,,,,,,,,,,,,,,,,,,,
2018 Q4,4174898.75,8292815.88,11732151.55,15180712.45,18628469.2,21763003.84,24817973.68,27839570.05,30545801.26,33498570.94,36110159.43,38832673.41,41472009.87,43700115.83,45831615.67,48065126.13,50347024.63,52352087.42,54263302.01,56089201.25,57989288.37,59596286.86,61261619.19,62831132.57,64257837.16,65741057.24,67183804.65,68584480.82,69881667.51,71148079.56,,,,,,,,,,,,,,,,,,,,,,,,,,,,,,,,,,,
2019 Q1,3763964.91,7844451.07,11483987.78,15240094.35,18558593.93,21615567.54,24540718.07,27516239.13,30259988.02,33216621.12,35970825.97,38369390.91,40686109.97,42958327.33,45231549.21,47524670.56,49538881.6,51673075.61,53584577.12,55468236.01,57216157.23,59033161.54,60801727.05,62476462.52,64016790.25,65532753.48,67046527.17,68312264.86,69568792.07,,,,,,,,,,,,,,,,,,,,,,,,,,,,,,,,,,,,
2019 Q2,4526521.82,9094582.15,12898342.82,16949159.28,20784809.02,24211204.5,27540407.59,30789236.86,34204083.88,37075915.28,39813710.13,42699025.89,45358409.24,47872823.89,50501695.67,53048321.42,55202388.27,57363384.24,59594338.2,61792065.13,63820504.72,65752568.81,67674239.51,69330311.33,71140085.99,72846828.02,74528726.53,76061612.95,,,,,,,,,,,,,,,,,,,,,,,,,,,,,,,,,,,,,
2019 Q3,4620287.65,9028626.49,13261317.97,17126502.28,20799524.67,24355007.41,27711393.23,31125191.15,34132164.24,37123201.04,40215129.39,42965595.35,45667898.3,48130306.71,50633224.6,53208757.28,55640686.4,57813568.92,59925050.94,62086115.84,63949622.97,65941115.98,67694846.58,69454498.12,71155118.98,72881339.3,74468954.46,,,,,,,,,,,,,,,,,,,,,,,,,,,,,,,,,,,,,,
2019 Q4,4062206.24,8434019.01,12447826.85,16024049.35,19826504.48,23348137.38,26499771.09,29706194.72,33045979.31,36189650.39,38973505.34,41654174.99,44132308.55,46712582.32,49337520.82,51678755.59,53818870.22,55954479.43,57955343.43,60005614.63,61931618.44,63927586.46,65856605.08,67678711.0,69428887.66,71050998.56,,,,,,,,,,,,,,,,,,,,,,,,,,,,,,,,,,,,,,,
2020 Q1,4880391.78,9341643.95,13898255.08,17862622.79,22063118.53,25891707.23,29930926.07,33373243.46,36952770.6,40508312.37,43729648.77,46639964.94,49779867.71,52583614.25,55423277.56,57973514.71,60477307.06,62720403.07,65214499.97,67452517.81,69748649.55,71841667.88,73811992.99,75791374.19,77668487.41,,,,,,,,,,,,,,,,,,,,,,,,,,,,,,,,,,,,,,,,
2020 Q2,4420387.94,9085611.63,13544100.89,17458055.52,21296740.0,24943512.34,28804762.19,32330905.27,35710021.25,39065211.63,42086333.06,45188636.29,47986974.73,50644127.69,53145946.44,55630774.5,58291344.27,60741099.27,63070374.64,65171811.23,67260871.3,69203494.48,71020122.67,72993833.84,,,,,,,,,,,,,,,,,,,,,,,,,,,,,,,,,,,,,,,,,
2020 Q3,4325850.68,8021689.05,11530188.72,14906675.62,18346791.07,21460646.53,24706303.26,27603778.72,30812113.71,33788023.53,36702306.82,39401811.8,41852913.19,44356670.86,46863805.4,49258891.56,51465546.54,53598855.36,55735830.45,57508115.26,59421619.53,61087632.44,62663952.43,,,,,,,,,,,,,,,,,,,,,,,,,,,,,,,,,,,,,,,,,,
2020 Q4,4851368.3,9622159.05,14339091.34,18681321.91,22973460.52,26701252.81,30514412.64,34338729.86,38055122.61,41559912.16,44969739.44,48313850.01,51288740.87,54216735.74,57092701.43,59877167.82,62521221.08,65106957.58,67423096.6,69828898.12,71972390.14,73992086.6,,,,,,,,,,,,,,,,,,,,,,,,,,,,,,,,,,,,,,,,,,,
2021 Q1,4419969.25,8501538.85,12675922.7,16596056.76,20442634.6,23993940.41,27849197.09,31144923.79,34485619.66,37528560.95,40643879.09,43490149.64,46133173.86,48742165.99,51197474.65,53560810.17,55883262.2,58353286.17,60479145.52,62461937.39,64508317.56,,,,,,,,,,,,,,,,,,,,,,,,,,,,,,,,,,,,,,,,,,,,
2021 Q2,4822606.93,9450820.78,13873634.51,18017636.33,21686293.6,25447935.91,29099826.88,32760172.47,35820326.24,39042369.03,42263529.81,45440944.5,48157302.4,50763006.71,53515737.37,55884127.64,58204587.03,60472679.42,62682956.79,64797836.95,,,,,,,,,,,,,,,,,,,,,,,,,,,,,,,,,,,,,,,,,,,,,
2021 Q3,4089534.36,8141086.01,11873702.64,15687571.21,19021714.93,22734740.72,25970843.82,29159595.28,32142773.88,34870618.08,37690821.07,40609150.83,43167844.47,45820814.63,48083537.87,50236090.7,52586540.77,54812658.22,56907474.78,,,,,,,,,,,,,,,,,,,,,,,,,,,,,,,,,,,,,,,,,,,,,,
2021 Q4,4552275.42,9026701.69,13290320.3,16937957.68,20593003.33,23905008.25,27578865.69,30850929.51,34174581.84,37176684.17,40003698.66,42845769.36,45351978.22,47986146.12,50542906.39,52909506.56,55214841.61,57305393.82,,,,,,,,,,,,,,,,,,,,,,,,,,,,,,,,,,,,,,,,,,,,,,,
2022 Q1,4207432.82,7970687.95,11488210.2,14806036.65,18216905.14,21618798.76,24830309.11,27798741.66,30773623.65,33434737.38,36091177.97,38519397.39,40834780.87,43390011.11,45637957.01,47661806.15,49838431.43,,,,,,,,,,,,,,,,,,,,,,,,,,,,,,,,,,,,,,,,,,,,,,,,
2022 Q2,3988203.89,8007828.0,11854462.29,15976444.38,19634556.51,22951142.88,26439819.36,29932196.04,33188275.33,36172397.73,38863292.1,41737061.52,44447209.73,47064251.53,49616701.94,51952568.22,,,,,,,,,,,,,,,,,,,,,,,,,,,,,,,,,,,,,,,,,,,,,,,,,
2022 Q3,5080507.31,9704146.61,14625411.95,19397148.35,23904886.1,27952555.26,31985925.64,35889023.16,39662251.94,43083787.25,46450734.22,49547704.65,52814684.56,55921279.21,58859971.06,,,,,,,,,,,,,,,,,,,,,,,,,,,,,,,,,,,,,,,,,,,,,,,,,,
2022 Q4,4563666.53,8809592.32,13290364.27,17154273.89,20987881.44,24757820.63,28076728.84,31295234.87,34665522.17,37694334.05,40950371.84,43702190.84,46695358.38,49492932.95,,,,,,,,,,,,,,,,,,,,,,,,,,,,,,,,,,,,,,,,,,,,,,,,,,,
2023 Q1,4090690.39,8145910.99,11920824.92,15937048.49,19864059.29,23241766.16,26719460.46,30267060.06,33684293.53,36912409.15,39768917.39,42613895.61,45444835.5,,,,,,,,,,,,,,,,,,,,,,,,,,,,,,,,,,,,,,,,,,,,,,,,,,,,
2023 Q2,5135176.02,10254309.51,14845266.38,19244158.8,23395890.66,27527418.84,31485358.72,35202666.46,38793061.73,42219344.09,45663894.09,49058882.58,,,,,,,,,,,,,,,,,,,,,,,,,,,,,,,,,,,,,,,,,,,,,,,,,,,,,
2023 Q3,5279782.99,10388167.9,15040897.91,19435270.25,23757278.6,27941849.93,31859080.56,35742471.1,39176570.82,42608351.85,46228734.23,,,,,,,,,,,,,,,,,,,,,,,,,,,,,,,,,,,,,,,,,,,,,,,,,,,,,,
2023 Q4,5277229.3,10520673.75,15633650.67,20290360.19,24747005.1,28728475.19,32557440.49,36462527.45,40476147.93,43901290.51,,,,,,,,,,,,,,,,,,,,,,,,,,,,,,,,,,,,,,,,,,,,,,,,,,,,,,,
2024 Q1,4968611.11,9490660.3,13936370.41,18517440.48,22468553.42,26278987.86,29922989.5,33591091.4,37382788.81,,,,,,,,,,,,,,,,,,,,,,,,,,,,,,,,,,,,,,,,,,,,,,,,,,,,,,,,
2024 Q2,5662389.8,11001035.08,16186524.36,20962230.46,25738823.04,30161205.12,34565202.61,38677267.71,,,,,,,,,,,,,,,,,,,,,,,,,,,,,,,,,,,,,,,,,,,,,,,,,,,,,,,,,
2024 Q3,5614344.36,11110889.91,15650617.91,20163903.66,24658171.69,29329682.87,33607786.29,,,,,,,,,,,,,,,,,,,,,,,,,,,,,,,,,,,,,,,,,,,,,,,,,,,,,,,,,,
2024 Q4,4977844.93,9153966.34,13418300.03,17483914.99,21676801.23,25256702.71,,,,,,,,,,,,,,,,,,,,,,,,,,,,,,,,,,,,,,,,,,,,,,,,,,,,,,,,,,,
2025 Q1,4739745.94,9516428.1,13914812.77,18309517.54,22459538.37,,,,,,,,,,,,,,,,,,,,,,,,,,,,,,,,,,,,,,,,,,,,,,,,,,,,,,,,,,,,
2025 Q2,4165404.43,8593533.52,12496711.78,16458375.79,,,,,,,,,,,,,,,,,,,,,,,,,,,,,,,,,,,,,,,,,,,,,,,,,,,,,,,,,,,,,
2025 Q3,4911234.11,9266689.63,13628174.45,,,,,,,,,,,,,,,,,,,,,,,,,,,,,,,,,,,,,,,,,,,,,,,,,,,,,,,,,,,,,,
2025 Q4,4813702.92,9426651.42,,,,,,,,,,,,,,,,,,,,,,,,,,,,,,,,,,,,,,,,,,,,,,,,,,,,,,,,,,,,,,,
2026 Q1,4584399.56,,,,,,,,,,,,,,,,,,,,,,,,,,,,,,,,,,,,,,,,,,,,,,,,,,,,,,,,,,,,,,,,
